{
  "detailed_results": {
    "Mean_Recall@3": [
      0.6,
      0.0,
      0.6,
      0.3333333333333333,
      0.5,
      0.0,
      0.2
    ],
    "Mean_Recall@5": [
      1.0,
      0.2,
      0.8,
      0.3333333333333333,
      0.75,
      0.2,
      0.6
    ],
    "Mean_Recall@10": [
      1.0,
      0.8,
      1.4,
      0.6666666666666666,
      0.75,
      0.6,
      1.0
    ],
    "MAP@3": [
      1.0,
      0.0,
      0.6666666666666666,
      0.5555555555555555,
      0.6666666666666666,
      0.0,
      0.1111111111111111
    ],
    "MAP@5": [
      1.0,
      0.0,
      0.6,
      0.3333333333333333,
      0.65,
      0.04,
      0.2866666666666666
    ],
    "MAP@10": [
      1.0,
      0.08571428571428572,
      0.74,
      0.39999999999999997,
      0.65,
      0.09714285714285714,
      0.3866666666666666
    ]
  },
  "mean_metrics": {
    "Mean_Recall@3": 0.3190476190476191,
    "Mean_Recall@5": 0.5547619047619048,
    "Mean_Recall@10": 0.8880952380952382,
    "MAP@3": 0.4285714285714285,
    "MAP@5": 0.41571428571428576,
    "MAP@10": 0.4799319727891156
  }
}